{
    "$schema": "https://schema.management.azure.com/schemas/2015-01-01/deploymentParameters.json#",
    "contentVersion": "1.0.0.0",
    "parameters": {
        "IotHubs_iothub5880ed8a_connectionString": {
            "value": null
        },
        "IotHubs_iothub5880ed8a_containerName": {
            "value": null
        },
        "sites_iotfunc580ed8a_name": {
            "value": null
        },
        "IotHubs_iothub5880ed8a_name": {
            "value": null
        },
        "components_iotfunc580ed8a_name": {
            "value": null
        },
        "accounts_iotdls5880ed8a_name": {
            "value": null
        },
        "serverfarms_ASP_IoTCapstoneRG_83be_name": {
            "value": null
        },
        "serverfarms_ASP_IoTCapstoneRG_9856_name": {
            "value": null
        },
        "accounts_iotdla5880ed8a_name": {
            "value": null
        },
        "streamingjobs_iotasa5880ed8a_name": {
            "value": null
        },
        "storageAccounts_storageaccountiotca953f_name": {
            "value": null
        },
        "storageAccounts_storageaccountiotca992d_name": {
            "value": null
        }
    }
}