{
    "$schema": "https://schema.management.azure.com/schemas/2015-01-01/deploymentTemplate.json#",
    "contentVersion": "1.0.0.0",
    "parameters": {
        "IotHubs_iothub5880ed8a_connectionString": {
            "type": "SecureString"
        },
        "IotHubs_iothub5880ed8a_containerName": {
            "type": "SecureString"
        },
        "sites_iotfunc580ed8a_name": {
            "defaultValue": "iotfunc580ed8a",
            "type": "String"
        },
        "IotHubs_iothub5880ed8a_name": {
            "defaultValue": "iothub5880ed8a",
            "type": "String"
        },
        "components_iotfunc580ed8a_name": {
            "defaultValue": "iotfunc580ed8a",
            "type": "String"
        },
        "accounts_iotdls5880ed8a_name": {
            "defaultValue": "iotdls5880ed8a",
            "type": "String"
        },
        "serverfarms_ASP_IoTCapstoneRG_83be_name": {
            "defaultValue": "ASP-IoTCapstoneRG-83be",
            "type": "String"
        },
        "serverfarms_ASP_IoTCapstoneRG_9856_name": {
            "defaultValue": "ASP-IoTCapstoneRG-9856",
            "type": "String"
        },
        "accounts_iotdla5880ed8a_name": {
            "defaultValue": "iotdla5880ed8a",
            "type": "String"
        },
        "streamingjobs_iotasa5880ed8a_name": {
            "defaultValue": "iotasa5880ed8a",
            "type": "String"
        },
        "storageAccounts_storageaccountiotca953f_name": {
            "defaultValue": "storageaccountiotca953f",
            "type": "String"
        },
        "storageAccounts_storageaccountiotca992d_name": {
            "defaultValue": "storageaccountiotca992d",
            "type": "String"
        }
    },
    "variables": {},
    "resources": [
        {
            "type": "Microsoft.DataLakeAnalytics/accounts",
            "apiVersion": "2016-11-01",
            "name": "[parameters('accounts_iotdla5880ed8a_name')]",
            "location": "centralus",
            "properties": {
                "firewallState": "Disabled",
                "firewallAllowAzureIps": "Disabled",
                "firewallRules": [],
                "defaultDataLakeStoreAccount": "iotdls5880ed8a",
                "dataLakeStoreAccounts": [
                    {
                        "properties": {
                            "suffix": "azuredatalakestore.net"
                        },
                        "name": "iotdls5880ed8a"
                    }
                ],
                "storageAccounts": [],
                "maxDegreeOfParallelism": 32,
                "maxJobCount": 20,
                "maxDegreeOfParallelismPerJob": 32,
                "minPriorityPerJob": 1,
                "computePolicies": [],
                "queryStoreRetention": 30,
                "newTier": "Consumption"
            }
        },
        {
            "type": "Microsoft.DataLakeStore/accounts",
            "apiVersion": "2016-11-01",
            "name": "[parameters('accounts_iotdls5880ed8a_name')]",
            "location": "centralus",
            "properties": {
                "firewallState": "Disabled",
                "firewallAllowAzureIps": "Disabled",
                "firewallRules": [],
                "trustedIdProviderState": "Disabled",
                "trustedIdProviders": [],
                "encryptionState": "Enabled",
                "encryptionConfig": {
                    "type": "ServiceManaged"
                },
                "newTier": "Consumption"
            }
        },
        {
            "type": "Microsoft.Devices/IotHubs",
            "apiVersion": "2019-07-01-preview",
            "name": "[parameters('IotHubs_iothub5880ed8a_name')]",
            "location": "westus",
            "sku": {
                "name": "S1",
                "tier": "Standard",
                "capacity": 1
            },
            "properties": {
                "ipFilterRules": [],
                "eventHubEndpoints": {
                    "events": {
                        "retentionTimeInDays": 1,
                        "partitionCount": 4
                    }
                },
                "routing": {
                    "endpoints": {
                        "serviceBusQueues": [],
                        "serviceBusTopics": [],
                        "eventHubs": [],
                        "storageContainers": []
                    },
                    "routes": [],
                    "fallbackRoute": {
                        "name": "$fallback",
                        "source": "DeviceMessages",
                        "condition": "true",
                        "endpointNames": [
                            "events"
                        ],
                        "isEnabled": true
                    }
                },
                "storageEndpoints": {
                    "$default": {
                        "sasTtlAsIso8601": "PT1H",
                        "connectionString": "[parameters('IotHubs_iothub5880ed8a_connectionString')]",
                        "containerName": "[parameters('IotHubs_iothub5880ed8a_containerName')]"
                    }
                },
                "messagingEndpoints": {
                    "fileNotifications": {
                        "lockDurationAsIso8601": "PT1M",
                        "ttlAsIso8601": "PT1H",
                        "maxDeliveryCount": 10
                    }
                },
                "enableFileUploadNotifications": false,
                "cloudToDevice": {
                    "maxDeliveryCount": 10,
                    "defaultTtlAsIso8601": "PT1H",
                    "feedback": {
                        "lockDurationAsIso8601": "PT1M",
                        "ttlAsIso8601": "PT1H",
                        "maxDeliveryCount": 10
                    }
                },
                "features": "None"
            }
        },
        {
            "type": "microsoft.insights/components",
            "apiVersion": "2015-05-01",
            "name": "[parameters('components_iotfunc580ed8a_name')]",
            "location": "centralus",
            "kind": "web",
            "properties": {
                "Application_Type": "web",
                "Request_Source": "IbizaWebAppExtensionCreate"
            }
        },
        {
            "type": "Microsoft.Storage/storageAccounts",
            "apiVersion": "2019-04-01",
            "name": "[parameters('storageAccounts_storageaccountiotca953f_name')]",
            "location": "centralus",
            "sku": {
                "name": "Standard_LRS",
                "tier": "Standard"
            },
            "kind": "Storage",
            "properties": {
                "networkAcls": {
                    "bypass": "AzureServices",
                    "virtualNetworkRules": [],
                    "ipRules": [],
                    "defaultAction": "Allow"
                },
                "supportsHttpsTrafficOnly": true,
                "encryption": {
                    "services": {
                        "file": {
                            "enabled": true
                        },
                        "blob": {
                            "enabled": true
                        }
                    },
                    "keySource": "Microsoft.Storage"
                }
            }
        },
        {
            "type": "Microsoft.Storage/storageAccounts",
            "apiVersion": "2019-04-01",
            "name": "[parameters('storageAccounts_storageaccountiotca992d_name')]",
            "location": "centralus",
            "sku": {
                "name": "Standard_LRS",
                "tier": "Standard"
            },
            "kind": "Storage",
            "properties": {
                "networkAcls": {
                    "bypass": "AzureServices",
                    "virtualNetworkRules": [],
                    "ipRules": [],
                    "defaultAction": "Allow"
                },
                "supportsHttpsTrafficOnly": true,
                "encryption": {
                    "services": {
                        "file": {
                            "enabled": true
                        },
                        "blob": {
                            "enabled": true
                        }
                    },
                    "keySource": "Microsoft.Storage"
                }
            }
        },
        {
            "type": "Microsoft.StreamAnalytics/streamingjobs",
            "apiVersion": "2016-03-01",
            "name": "[parameters('streamingjobs_iotasa5880ed8a_name')]",
            "location": "Central US",
            "properties": {
                "sku": {
                    "name": "Standard"
                },
                "outputStartMode": "JobStartTime",
                "outputStartTime": "2019-11-17T13:12:09.66Z",
                "eventsOutOfOrderPolicy": "Adjust",
                "outputErrorPolicy": "Stop",
                "eventsOutOfOrderMaxDelayInSeconds": 0,
                "eventsLateArrivalMaxDelayInSeconds": 5,
                "dataLocale": "en-US",
                "compatibilityLevel": "1.1"
            }
        },
        {
            "type": "Microsoft.Web/serverfarms",
            "apiVersion": "2018-02-01",
            "name": "[parameters('serverfarms_ASP_IoTCapstoneRG_83be_name')]",
            "location": "Central US",
            "sku": {
                "name": "Y1",
                "tier": "Dynamic",
                "size": "Y1",
                "family": "Y",
                "capacity": 0
            },
            "kind": "functionapp",
            "properties": {
                "perSiteScaling": false,
                "maximumElasticWorkerCount": 1,
                "isSpot": false,
                "reserved": false,
                "isXenon": false,
                "hyperV": false,
                "targetWorkerCount": 0,
                "targetWorkerSizeId": 0
            }
        },
        {
            "type": "Microsoft.Web/serverfarms",
            "apiVersion": "2018-02-01",
            "name": "[parameters('serverfarms_ASP_IoTCapstoneRG_9856_name')]",
            "location": "Central US",
            "sku": {
                "name": "Y1",
                "tier": "Dynamic",
                "size": "Y1",
                "family": "Y",
                "capacity": 0
            },
            "kind": "functionapp",
            "properties": {
                "perSiteScaling": false,
                "maximumElasticWorkerCount": 1,
                "isSpot": false,
                "reserved": false,
                "isXenon": false,
                "hyperV": false,
                "targetWorkerCount": 0,
                "targetWorkerSizeId": 0
            }
        },
        {
            "type": "Microsoft.DataLakeAnalytics/accounts/dataLakeStoreAccounts",
            "apiVersion": "2016-11-01",
            "name": "[concat(parameters('accounts_iotdla5880ed8a_name'), '/iotdls5880ed8a')]",
            "dependsOn": [
                "[resourceId('Microsoft.DataLakeAnalytics/accounts', parameters('accounts_iotdla5880ed8a_name'))]"
            ],
            "properties": {
                "suffix": "azuredatalakestore.net"
            }
        },
        {
            "type": "Microsoft.Storage/storageAccounts/blobServices",
            "apiVersion": "2019-04-01",
            "name": "[concat(parameters('storageAccounts_storageaccountiotca953f_name'), '/default')]",
            "dependsOn": [
                "[resourceId('Microsoft.Storage/storageAccounts', parameters('storageAccounts_storageaccountiotca953f_name'))]"
            ],
            "properties": {
                "cors": {
                    "corsRules": []
                },
                "deleteRetentionPolicy": {
                    "enabled": false
                }
            }
        },
        {
            "type": "Microsoft.Storage/storageAccounts/blobServices",
            "apiVersion": "2019-04-01",
            "name": "[concat(parameters('storageAccounts_storageaccountiotca992d_name'), '/default')]",
            "dependsOn": [
                "[resourceId('Microsoft.Storage/storageAccounts', parameters('storageAccounts_storageaccountiotca992d_name'))]"
            ],
            "properties": {
                "cors": {
                    "corsRules": []
                },
                "deleteRetentionPolicy": {
                    "enabled": false
                }
            }
        },
        {
            "type": "Microsoft.StreamAnalytics/streamingjobs/inputs",
            "apiVersion": "2016-03-01",
            "name": "[concat(parameters('streamingjobs_iotasa5880ed8a_name'), '/IoTHubInput')]",
            "dependsOn": [
                "[resourceId('Microsoft.StreamAnalytics/streamingjobs', parameters('streamingjobs_iotasa5880ed8a_name'))]"
            ],
            "properties": {
                "type": "Stream",
                "datasource": {
                    "type": "Microsoft.Devices/IotHubs",
                    "properties": {
                        "iotHubNamespace": "iothub5880ed8a",
                        "sharedAccessPolicyName": "iothubowner",
                        "endpoint": "messages/events",
                        "consumerGroupName": "$Default"
                    }
                },
                "compression": {
                    "type": "None"
                },
                "partitionKey": "",
                "serialization": {
                    "type": "Json",
                    "properties": {
                        "encoding": "UTF8"
                    }
                },
                "etag": "7159a743-4b72-426a-a2d2-7d52dddd38bf"
            }
        },
        {
            "type": "Microsoft.StreamAnalytics/streamingjobs/outputs",
            "apiVersion": "2016-03-01",
            "name": "[concat(parameters('streamingjobs_iotasa5880ed8a_name'), '/IoTHubOutput')]",
            "dependsOn": [
                "[resourceId('Microsoft.StreamAnalytics/streamingjobs', parameters('streamingjobs_iotasa5880ed8a_name'))]"
            ],
            "properties": {
                "datasource": {
                    "type": "Microsoft.DataLake/Accounts",
                    "properties": {
                        "filePathPrefix": "telemetry/{date}",
                        "accountName": "iotdls5880ed8a",
                        "tenantId": "e621e1a4-9731-42b2-9929-d7bb3c613354",
                        "dateFormat": "yyyy/MM/dd",
                        "timeFormat": "HH",
                        "authenticationMode": "UserToken",
                        "refreshToken": null,
                        "accessToken": null,
                        "tokenUserPrincipalName": "hani_alam@hotmail.com",
                        "tokenUserDisplayName": "Hani Alturkostani"
                    }
                },
                "serialization": {
                    "type": "Csv",
                    "properties": {
                        "fieldDelimiter": ",",
                        "encoding": "UTF8"
                    }
                }
            }
        },
        {
            "type": "Microsoft.StreamAnalytics/streamingjobs/outputs",
            "apiVersion": "2016-03-01",
            "name": "[concat(parameters('streamingjobs_iotasa5880ed8a_name'), '/WindSpeedFunction')]",
            "dependsOn": [
                "[resourceId('Microsoft.StreamAnalytics/streamingjobs', parameters('streamingjobs_iotasa5880ed8a_name'))]"
            ],
            "properties": {
                "datasource": {
                    "type": "Microsoft.AzureFunction",
                    "properties": {
                        "functionAppName": "iotfunc580ed8a",
                        "functionName": "WindSpeedHttpTrigger",
                        "apiKey": null
                    }
                }
            }
        },
        {
            "type": "Microsoft.Web/sites",
            "apiVersion": "2018-11-01",
            "name": "[parameters('sites_iotfunc580ed8a_name')]",
            "location": "Central US",
            "dependsOn": [
                "[resourceId('Microsoft.Web/serverfarms', parameters('serverfarms_ASP_IoTCapstoneRG_83be_name'))]"
            ],
            "kind": "functionapp",
            "properties": {
                "enabled": true,
                "hostNameSslStates": [
                    {
                        "name": "[concat(parameters('sites_iotfunc580ed8a_name'), '.azurewebsites.net')]",
                        "sslState": "Disabled",
                        "hostType": "Standard"
                    },
                    {
                        "name": "[concat(parameters('sites_iotfunc580ed8a_name'), '.scm.azurewebsites.net')]",
                        "sslState": "Disabled",
                        "hostType": "Repository"
                    }
                ],
                "serverFarmId": "[resourceId('Microsoft.Web/serverfarms', parameters('serverfarms_ASP_IoTCapstoneRG_83be_name'))]",
                "reserved": false,
                "isXenon": false,
                "hyperV": false,
                "scmSiteAlsoStopped": false,
                "clientAffinityEnabled": true,
                "clientCertEnabled": false,
                "hostNamesDisabled": false,
                "containerSize": 1536,
                "dailyMemoryTimeQuota": 0,
                "httpsOnly": false,
                "redundancyMode": "None"
            }
        },
        {
            "type": "Microsoft.Web/sites/config",
            "apiVersion": "2016-08-01",
            "name": "[concat(parameters('sites_iotfunc580ed8a_name'), '/web')]",
            "location": "Central US",
            "dependsOn": [
                "[resourceId('Microsoft.Web/sites', parameters('sites_iotfunc580ed8a_name'))]"
            ],
            "properties": {
                "numberOfWorkers": 1,
                "defaultDocuments": [
                    "Default.htm",
                    "Default.html",
                    "Default.asp",
                    "index.htm",
                    "index.html",
                    "iisstart.htm",
                    "default.aspx",
                    "index.php"
                ],
                "netFrameworkVersion": "v4.0",
                "phpVersion": "5.6",
                "pythonVersion": "",
                "nodeVersion": "",
                "linuxFxVersion": "",
                "requestTracingEnabled": false,
                "remoteDebuggingEnabled": false,
                "httpLoggingEnabled": false,
                "logsDirectorySizeLimit": 35,
                "detailedErrorLoggingEnabled": false,
                "publishingUsername": "$iotfunc580ed8a",
                "scmType": "None",
                "use32BitWorkerProcess": true,
                "webSocketsEnabled": false,
                "alwaysOn": false,
                "appCommandLine": "",
                "managedPipelineMode": "Integrated",
                "virtualApplications": [
                    {
                        "virtualPath": "/",
                        "physicalPath": "site\\wwwroot",
                        "preloadEnabled": false,
                        "virtualDirectories": null
                    }
                ],
                "winAuthAdminState": 0,
                "winAuthTenantState": 0,
                "customAppPoolIdentityAdminState": false,
                "customAppPoolIdentityTenantState": false,
                "loadBalancing": "LeastRequests",
                "routingRules": [],
                "experiments": {
                    "rampUpRules": []
                },
                "autoHealEnabled": false,
                "vnetName": "",
                "siteAuthEnabled": false,
                "siteAuthSettings": {
                    "enabled": null,
                    "unauthenticatedClientAction": null,
                    "tokenStoreEnabled": null,
                    "allowedExternalRedirectUrls": null,
                    "defaultProvider": null,
                    "clientId": null,
                    "clientSecret": null,
                    "clientSecretCertificateThumbprint": null,
                    "issuer": null,
                    "allowedAudiences": null,
                    "additionalLoginParams": null,
                    "isAadAutoProvisioned": false,
                    "googleClientId": null,
                    "googleClientSecret": null,
                    "googleOAuthScopes": null,
                    "facebookAppId": null,
                    "facebookAppSecret": null,
                    "facebookOAuthScopes": null,
                    "twitterConsumerKey": null,
                    "twitterConsumerSecret": null,
                    "microsoftAccountClientId": null,
                    "microsoftAccountClientSecret": null,
                    "microsoftAccountOAuthScopes": null
                },
                "cors": {
                    "allowedOrigins": [
                        "https://functions.azure.com",
                        "https://functions-staging.azure.com",
                        "https://functions-next.azure.com"
                    ],
                    "supportCredentials": false
                },
                "localMySqlEnabled": false,
                "http20Enabled": false,
                "minTlsVersion": "1.2",
                "ftpsState": "AllAllowed",
                "reservedInstanceCount": 0,
                "fileChangeAuditEnabled": false,
                "functionsRuntimeScaleMonitoringEnabled": false
            }
        },
        {
            "type": "Microsoft.Web/sites/deployments",
            "apiVersion": "2018-11-01",
            "name": "[concat(parameters('sites_iotfunc580ed8a_name'), '/67513e9fa96e4ddaa7e4014ab792927e')]",
            "location": "Central US",
            "dependsOn": [
                "[resourceId('Microsoft.Web/sites', parameters('sites_iotfunc580ed8a_name'))]"
            ],
            "properties": {
                "status": 4,
                "author_email": "N/A",
                "author": "VS Code",
                "deployer": "Push-Deployer",
                "message": "Created via a push deployment",
                "start_time": "2019-11-16T09:13:49.8501371Z",
                "end_time": "2019-11-16T09:14:03.9305727Z",
                "active": true
            }
        },
        {
            "type": "Microsoft.Web/sites/deployments",
            "apiVersion": "2018-11-01",
            "name": "[concat(parameters('sites_iotfunc580ed8a_name'), '/f66fec5475d14df9ab4006bdf4cef2fe')]",
            "location": "Central US",
            "dependsOn": [
                "[resourceId('Microsoft.Web/sites', parameters('sites_iotfunc580ed8a_name'))]"
            ],
            "properties": {
                "status": 4,
                "author_email": "N/A",
                "author": "VS Code",
                "deployer": "Push-Deployer",
                "message": "Created via a push deployment",
                "start_time": "2019-11-16T09:00:23.1383686Z",
                "end_time": "2019-11-16T09:00:36.088626Z",
                "active": false
            }
        },
        {
            "type": "Microsoft.Web/sites/functions",
            "apiVersion": "2018-11-01",
            "name": "[concat(parameters('sites_iotfunc580ed8a_name'), '/LogicApp')]",
            "location": "Central US",
            "dependsOn": [
                "[resourceId('Microsoft.Web/sites', parameters('sites_iotfunc580ed8a_name'))]"
            ],
            "properties": {
                "script_root_path_href": "https://iotfunc580ed8a.azurewebsites.net/admin/vfs/site/wwwroot/LogicApp/",
                "script_href": "https://iotfunc580ed8a.azurewebsites.net/admin/vfs/site/wwwroot/LogicApp/run.csx",
                "config_href": "https://iotfunc580ed8a.azurewebsites.net/admin/vfs/site/wwwroot/LogicApp/function.json",
                "href": "https://iotfunc580ed8a.azurewebsites.net/admin/functions/LogicApp",
                "config": {},
                "test_data": "{\"method\":\"post\",\"body\":\"{\\r\\n    \\\"name\\\": \\\"Azure\\\"\\r\\n}\",\"queryStringParams\":[],\"headers\":[]}"
            }
        },
        {
            "type": "Microsoft.Web/sites/functions",
            "apiVersion": "2018-11-01",
            "name": "[concat(parameters('sites_iotfunc580ed8a_name'), '/WindSpeedHttpTrigger')]",
            "location": "Central US",
            "dependsOn": [
                "[resourceId('Microsoft.Web/sites', parameters('sites_iotfunc580ed8a_name'))]"
            ],
            "properties": {
                "script_root_path_href": "https://iotfunc580ed8a.azurewebsites.net/admin/vfs/site/wwwroot/WindSpeedHttpTrigger/",
                "script_href": "https://iotfunc580ed8a.azurewebsites.net/admin/vfs/site/wwwroot/bin/IoTFunctions.dll",
                "config_href": "https://iotfunc580ed8a.azurewebsites.net/admin/vfs/site/wwwroot/WindSpeedHttpTrigger/function.json",
                "href": "https://iotfunc580ed8a.azurewebsites.net/admin/functions/WindSpeedHttpTrigger",
                "config": {},
                "test_data": "{\"method\":\"post\",\"body\":\"\",\"queryStringParams\":[],\"headers\":[]}"
            }
        },
        {
            "type": "Microsoft.Web/sites/hostNameBindings",
            "apiVersion": "2018-11-01",
            "name": "[concat(parameters('sites_iotfunc580ed8a_name'), '/', parameters('sites_iotfunc580ed8a_name'), '.azurewebsites.net')]",
            "location": "Central US",
            "dependsOn": [
                "[resourceId('Microsoft.Web/sites', parameters('sites_iotfunc580ed8a_name'))]"
            ],
            "properties": {
                "siteName": "iotfunc580ed8a",
                "hostNameType": "Verified"
            }
        },
        {
            "type": "Microsoft.Storage/storageAccounts/blobServices/containers",
            "apiVersion": "2019-04-01",
            "name": "[concat(parameters('storageAccounts_storageaccountiotca953f_name'), '/default/azure-webjobs-hosts')]",
            "dependsOn": [
                "[resourceId('Microsoft.Storage/storageAccounts/blobServices', parameters('storageAccounts_storageaccountiotca953f_name'), 'default')]",
                "[resourceId('Microsoft.Storage/storageAccounts', parameters('storageAccounts_storageaccountiotca953f_name'))]"
            ],
            "properties": {
                "publicAccess": "None"
            }
        },
        {
            "type": "Microsoft.Storage/storageAccounts/blobServices/containers",
            "apiVersion": "2019-04-01",
            "name": "[concat(parameters('storageAccounts_storageaccountiotca992d_name'), '/default/azure-webjobs-hosts')]",
            "dependsOn": [
                "[resourceId('Microsoft.Storage/storageAccounts/blobServices', parameters('storageAccounts_storageaccountiotca992d_name'), 'default')]",
                "[resourceId('Microsoft.Storage/storageAccounts', parameters('storageAccounts_storageaccountiotca992d_name'))]"
            ],
            "properties": {
                "publicAccess": "None"
            }
        },
        {
            "type": "Microsoft.Storage/storageAccounts/blobServices/containers",
            "apiVersion": "2019-04-01",
            "name": "[concat(parameters('storageAccounts_storageaccountiotca953f_name'), '/default/azure-webjobs-secrets')]",
            "dependsOn": [
                "[resourceId('Microsoft.Storage/storageAccounts/blobServices', parameters('storageAccounts_storageaccountiotca953f_name'), 'default')]",
                "[resourceId('Microsoft.Storage/storageAccounts', parameters('storageAccounts_storageaccountiotca953f_name'))]"
            ],
            "properties": {
                "publicAccess": "None"
            }
        },
        {
            "type": "Microsoft.Storage/storageAccounts/blobServices/containers",
            "apiVersion": "2019-04-01",
            "name": "[concat(parameters('storageAccounts_storageaccountiotca992d_name'), '/default/azure-webjobs-secrets')]",
            "dependsOn": [
                "[resourceId('Microsoft.Storage/storageAccounts/blobServices', parameters('storageAccounts_storageaccountiotca992d_name'), 'default')]",
                "[resourceId('Microsoft.Storage/storageAccounts', parameters('storageAccounts_storageaccountiotca992d_name'))]"
            ],
            "properties": {
                "publicAccess": "None"
            }
        }
    ]
}